,trained,tested,rs,f1,recall
0,the_naughtyformer,onion_or_not,47,0.5427962229667987,0.9994391475042064
1,the_naughtyformer,onion_or_not,23,0.5431008224185196,1.0
2,the_naughtyformer,onion_or_not,453,0.5430181209075682,1.0
3,the_naughtyformer,onion_or_not,977,0.5430181209075682,1.0
4,the_naughtyformer,onion_or_not,693,0.5427396007923205,0.9988782950084127
5,the_naughtyformer,comb,47,0.7467935457178321,0.9998153618906942
6,the_naughtyformer,comb,23,0.7467769734574284,1.0
7,the_naughtyformer,comb,453,0.7467769734574284,1.0
8,the_naughtyformer,comb,977,0.7468799558711992,1.0
9,the_naughtyformer,comb,693,0.7502771618625278,0.9996307237813885
10,the_naughtyformer,pun_of_the_day,47,0.6842470506592644,1.0
11,the_naughtyformer,pun_of_the_day,23,0.6842470506592644,1.0
12,the_naughtyformer,pun_of_the_day,453,0.6842470506592644,1.0
13,the_naughtyformer,pun_of_the_day,977,0.6842470506592644,1.0
14,the_naughtyformer,pun_of_the_day,693,0.6842470506592644,1.0
15,the_naughtyformer,the_naughtyformer,47,1.0,1.0
16,the_naughtyformer,the_naughtyformer,23,0.9999144933732365,1.0
17,the_naughtyformer,the_naughtyformer,453,0.9998859944137263,1.0
18,the_naughtyformer,the_naughtyformer,977,1.0,1.0
19,the_naughtyformer,the_naughtyformer,693,0.9999429874572406,0.9998859814149706
20,the_naughtyformer,unfun_me,47,0.6097087378640778,1.0
21,the_naughtyformer,unfun_me,23,0.6097087378640778,1.0
22,the_naughtyformer,unfun_me,453,0.6097087378640778,1.0
23,the_naughtyformer,unfun_me,977,0.6097087378640778,1.0
24,the_naughtyformer,unfun_me,693,0.6097087378640778,1.0
25,the_naughtyformer,funlines_and_human_microedit_paper_2023,47,0.7226958993097848,0.999251497005988
26,the_naughtyformer,funlines_and_human_microedit_paper_2023,23,0.7230415370044648,1.0
27,the_naughtyformer,funlines_and_human_microedit_paper_2023,453,0.7230415370044648,1.0
28,the_naughtyformer,funlines_and_human_microedit_paper_2023,977,0.7230415370044648,1.0
29,the_naughtyformer,funlines_and_human_microedit_paper_2023,693,0.7228687415426253,0.999625748502994
30,the_naughtyformer,semeval_2017_task_7,47,0.8540925266903914,1.0
31,the_naughtyformer,semeval_2017_task_7,23,0.8540925266903914,1.0
32,the_naughtyformer,semeval_2017_task_7,453,0.8540925266903914,1.0
33,the_naughtyformer,semeval_2017_task_7,977,0.8540925266903914,1.0
34,the_naughtyformer,semeval_2017_task_7,693,0.8540925266903914,1.0
35,the_naughtyformer,semeval_2021_task_7,47,0.7616099071207431,1.0
36,the_naughtyformer,semeval_2021_task_7,23,0.7616099071207431,1.0
37,the_naughtyformer,semeval_2021_task_7,453,0.7616099071207431,1.0
38,the_naughtyformer,semeval_2021_task_7,977,0.7616099071207431,1.0
39,the_naughtyformer,semeval_2021_task_7,693,0.7616099071207431,1.0
40,the_naughtyformer,reddit_jokes_last_laught,47,0.6637362637362637,0.993421052631579
41,the_naughtyformer,reddit_jokes_last_laught,23,0.6666666666666666,1.0
42,the_naughtyformer,reddit_jokes_last_laught,453,0.6666666666666666,1.0
43,the_naughtyformer,reddit_jokes_last_laught,977,0.6666666666666666,1.0
44,the_naughtyformer,reddit_jokes_last_laught,693,0.6652030735455543,0.9967105263157895
45,the_naughtyformer,one_liners,47,0.6673675357443228,1.0
46,the_naughtyformer,one_liners,23,0.6673675357443228,1.0
47,the_naughtyformer,one_liners,453,0.6673675357443228,1.0
48,the_naughtyformer,one_liners,977,0.6673675357443228,1.0
49,the_naughtyformer,one_liners,693,0.6674377037114919,1.0
50,the_naughtyformer,short_jokes,47,0.6530490036262018,1.0
51,the_naughtyformer,short_jokes,23,0.6526364784892613,1.0
52,the_naughtyformer,short_jokes,453,0.6526364784892613,1.0
53,the_naughtyformer,short_jokes,977,0.6528535319941466,1.0
54,the_naughtyformer,short_jokes,693,0.6584155094921849,1.0
55,short_jokes,onion_or_not,47,0.3505729327965314,0.31744251261918116
56,short_jokes,onion_or_not,23,0.3494897959183674,0.30734716769489623
57,short_jokes,onion_or_not,453,0.36265223274695535,0.3757711721817162
58,short_jokes,onion_or_not,977,0.37638177406308976,0.3914750420639372
59,short_jokes,onion_or_not,693,0.40907801418439715,0.40437464946719015
60,short_jokes,comb,47,0.774040364068065,0.7223042836041359
61,short_jokes,comb,23,0.7777109641210662,0.7163958641063516
62,short_jokes,comb,453,0.7825658219110542,0.7326440177252584
63,short_jokes,comb,977,0.7809214299369146,0.7542466765140325
64,short_jokes,comb,693,0.7906797612170229,0.7581240768094535
65,short_jokes,pun_of_the_day,47,0.7141568981064023,0.8032454361054767
66,short_jokes,pun_of_the_day,23,0.7296296296296296,0.7991886409736308
67,short_jokes,pun_of_the_day,453,0.665406427221172,0.7139959432048681
68,short_jokes,pun_of_the_day,977,0.7177759056444818,0.8640973630831643
69,short_jokes,pun_of_the_day,693,0.7402258905299739,0.8640973630831643
70,short_jokes,the_naughtyformer,47,0.9188572837375574,0.8498945328088479
71,short_jokes,the_naughtyformer,23,0.9485073732166407,0.9020580354597799
72,short_jokes,the_naughtyformer,453,0.9284667073915699,0.8664842369306197
73,short_jokes,the_naughtyformer,977,0.9111393898010491,0.8367823955304715
74,short_jokes,the_naughtyformer,693,0.9051928598177507,0.8268057693404025
75,short_jokes,unfun_me,47,0.2450980392156863,0.1592356687898089
76,short_jokes,unfun_me,23,0.1904761904761905,0.11464968152866242
77,short_jokes,unfun_me,453,0.27751196172248804,0.18471337579617833
78,short_jokes,unfun_me,977,0.30622009569377995,0.20382165605095542
79,short_jokes,unfun_me,693,0.33484162895927605,0.2356687898089172
80,short_jokes,funlines_and_human_microedit_paper_2023,47,0.2488364877443376,0.1500748502994012
81,short_jokes,funlines_and_human_microedit_paper_2023,23,0.291331546023235,0.18300898203592814
82,short_jokes,funlines_and_human_microedit_paper_2023,453,0.42027455121436114,0.29790419161676646
83,short_jokes,funlines_and_human_microedit_paper_2023,977,0.37084257206208426,0.250374251497006
84,short_jokes,funlines_and_human_microedit_paper_2023,693,0.3928084990465813,0.2698353293413174
85,short_jokes,semeval_2017_task_7,47,0.5968992248062015,0.5133333333333333
86,short_jokes,semeval_2017_task_7,23,0.6534839924670434,0.5783333333333334
87,short_jokes,semeval_2017_task_7,453,0.6367041198501873,0.5666666666666667
88,short_jokes,semeval_2017_task_7,977,0.5589155370177268,0.44666666666666666
89,short_jokes,semeval_2017_task_7,693,0.617933723196881,0.5283333333333333
90,short_jokes,semeval_2021_task_7,47,0.8111111111111111,0.9495934959349593
91,short_jokes,semeval_2021_task_7,23,0.841054882394868,0.959349593495935
92,short_jokes,semeval_2021_task_7,453,0.8327351040918881,0.943089430894309
93,short_jokes,semeval_2021_task_7,977,0.8061153578874218,0.943089430894309
94,short_jokes,semeval_2021_task_7,693,0.8213523131672597,0.9382113821138212
95,short_jokes,reddit_jokes_last_laught,47,0.5699745547073791,0.7368421052631579
96,short_jokes,reddit_jokes_last_laught,23,0.5668316831683168,0.7532894736842105
97,short_jokes,reddit_jokes_last_laught,453,0.5674653215636821,0.7401315789473685
98,short_jokes,reddit_jokes_last_laught,977,0.5772669220945084,0.743421052631579
99,short_jokes,reddit_jokes_last_laught,693,0.5349143610013175,0.6677631578947368
100,short_jokes,one_liners,47,0.7377105534547955,0.6761184625078765
101,short_jokes,one_liners,23,0.7375768655476149,0.6991178323881537
102,short_jokes,one_liners,453,0.6693518857561332,0.5759294265910523
103,short_jokes,one_liners,977,0.7298233460339454,0.6638311279143038
104,short_jokes,one_liners,693,0.706810035842294,0.6212980466288595
105,short_jokes,short_jokes,47,0.9347206339491358,0.9854644251995245
106,short_jokes,short_jokes,23,0.9359277365882086,0.9817626082526745
107,short_jokes,short_jokes,453,0.930446931860155,0.9838342672779758
108,short_jokes,short_jokes,977,0.9147717464651697,0.9898454746136865
109,short_jokes,short_jokes,693,0.919502100906707,0.9884530480556971
110,funlines_and_human_microedit_paper_2023,onion_or_not,47,0.17415730337078653,0.12170499158721257
111,funlines_and_human_microedit_paper_2023,onion_or_not,23,0.1848739495798319,0.12955692652832304
112,funlines_and_human_microedit_paper_2023,onion_or_not,453,0.24174174174174173,0.18059450364554122
113,funlines_and_human_microedit_paper_2023,onion_or_not,977,0.17991967871485942,0.1256309590577678
114,funlines_and_human_microedit_paper_2023,onion_or_not,693,0.24508111839834307,0.19910263600673023
115,funlines_and_human_microedit_paper_2023,comb,47,0.3625096824167312,0.259231905465288
116,funlines_and_human_microedit_paper_2023,comb,23,0.3981665014866204,0.2967134416543575
117,funlines_and_human_microedit_paper_2023,comb,453,0.41497352542790295,0.31111521418020677
118,funlines_and_human_microedit_paper_2023,comb,977,0.4033674963396779,0.30520679468242246
119,funlines_and_human_microedit_paper_2023,comb,693,0.4435008256664308,0.34711964549483015
120,funlines_and_human_microedit_paper_2023,pun_of_the_day,47,0.4234620886981402,0.3002028397565923
121,funlines_and_human_microedit_paper_2023,pun_of_the_day,23,0.4980132450331125,0.3813387423935091
122,funlines_and_human_microedit_paper_2023,pun_of_the_day,453,0.48677248677248675,0.37322515212981744
123,funlines_and_human_microedit_paper_2023,pun_of_the_day,977,0.5092348284960422,0.39148073022312374
124,funlines_and_human_microedit_paper_2023,pun_of_the_day,693,0.5130890052356021,0.3975659229208925
125,funlines_and_human_microedit_paper_2023,the_naughtyformer,47,0.28499413324062406,0.18693347015563536
126,funlines_and_human_microedit_paper_2023,the_naughtyformer,23,0.33033337558625936,0.2228493244398837
127,funlines_and_human_microedit_paper_2023,the_naughtyformer,453,0.31995232216593583,0.21424092127016703
128,funlines_and_human_microedit_paper_2023,the_naughtyformer,977,0.33953859730218094,0.23031754175930677
129,funlines_and_human_microedit_paper_2023,the_naughtyformer,693,0.36113185627748734,0.2481044410238869
130,funlines_and_human_microedit_paper_2023,unfun_me,47,0.2685185185185185,0.18471337579617833
131,funlines_and_human_microedit_paper_2023,unfun_me,23,0.28193832599118945,0.20382165605095542
132,funlines_and_human_microedit_paper_2023,unfun_me,453,0.32900432900432897,0.24203821656050956
133,funlines_and_human_microedit_paper_2023,unfun_me,977,0.30837004405286345,0.2229299363057325
134,funlines_and_human_microedit_paper_2023,unfun_me,693,0.3409090909090909,0.28662420382165604
135,funlines_and_human_microedit_paper_2023,funlines_and_human_microedit_paper_2023,47,0.9749764816556914,0.969685628742515
136,funlines_and_human_microedit_paper_2023,funlines_and_human_microedit_paper_2023,23,0.975047258979206,0.9651946107784432
137,funlines_and_human_microedit_paper_2023,funlines_and_human_microedit_paper_2023,453,0.9764728025597592,0.9708083832335329
138,funlines_and_human_microedit_paper_2023,funlines_and_human_microedit_paper_2023,977,0.9775683317624881,0.9704341317365269
139,funlines_and_human_microedit_paper_2023,funlines_and_human_microedit_paper_2023,693,0.9747616376892877,0.9756736526946108
140,funlines_and_human_microedit_paper_2023,semeval_2017_task_7,47,0.02936378466557912,0.015
141,funlines_and_human_microedit_paper_2023,semeval_2017_task_7,23,0.029411764705882353,0.015
142,funlines_and_human_microedit_paper_2023,semeval_2017_task_7,453,0.02936378466557912,0.015
143,funlines_and_human_microedit_paper_2023,semeval_2017_task_7,977,0.026143790849673203,0.013333333333333334
144,funlines_and_human_microedit_paper_2023,semeval_2017_task_7,693,0.03577235772357724,0.018333333333333333
145,funlines_and_human_microedit_paper_2023,semeval_2021_task_7,47,0.15088757396449706,0.08292682926829269
146,funlines_and_human_microedit_paper_2023,semeval_2021_task_7,23,0.1645021645021645,0.09268292682926829
147,funlines_and_human_microedit_paper_2023,semeval_2021_task_7,453,0.18156028368794327,0.1040650406504065
148,funlines_and_human_microedit_paper_2023,semeval_2021_task_7,977,0.17045454545454547,0.0975609756097561
149,funlines_and_human_microedit_paper_2023,semeval_2021_task_7,693,0.20874471086036672,0.12032520325203253
150,funlines_and_human_microedit_paper_2023,reddit_jokes_last_laught,47,0.18567639257294427,0.11513157894736842
151,funlines_and_human_microedit_paper_2023,reddit_jokes_last_laught,23,0.32282003710575136,0.28618421052631576
152,funlines_and_human_microedit_paper_2023,reddit_jokes_last_laught,453,0.2634989200863931,0.20065789473684212
153,funlines_and_human_microedit_paper_2023,reddit_jokes_last_laught,977,0.4457652303120356,0.4934210526315789
154,funlines_and_human_microedit_paper_2023,reddit_jokes_last_laught,693,0.21686746987951802,0.14802631578947367
155,funlines_and_human_microedit_paper_2023,one_liners,47,0.018610421836228287,0.00945179584120983
156,funlines_and_human_microedit_paper_2023,one_liners,23,0.01549907005579665,0.007876496534341524
157,funlines_and_human_microedit_paper_2023,one_liners,453,0.025751072961373387,0.013232514177693762
158,funlines_and_human_microedit_paper_2023,one_liners,977,0.03228754188242462,0.016698172652804034
159,funlines_and_human_microedit_paper_2023,one_liners,693,0.03664122137404581,0.01890359168241966
160,funlines_and_human_microedit_paper_2023,short_jokes,47,0.4707127319759352,0.40787909662081845
161,funlines_and_human_microedit_paper_2023,short_jokes,23,0.5117433503741572,0.46914586517235524
162,funlines_and_human_microedit_paper_2023,short_jokes,453,0.5035778849050919,0.4541008660213958
163,funlines_and_human_microedit_paper_2023,short_jokes,977,0.5228299046663322,0.49543216165732723
164,funlines_and_human_microedit_paper_2023,short_jokes,693,0.5396207036991127,0.5174732552215996
165,reddit_jokes_last_laught,onion_or_not,47,0.34782608695652173,0.33651149747616377
166,reddit_jokes_last_laught,onion_or_not,23,0.05528973950026582,0.029164329781267526
167,reddit_jokes_last_laught,onion_or_not,453,0.09660938225731536,0.05832865956253505
168,reddit_jokes_last_laught,onion_or_not,977,0.30958904109589036,0.25350532809871
169,reddit_jokes_last_laught,onion_or_not,693,0.37217156366092535,0.30902972518227706
170,reddit_jokes_last_laught,comb,47,0.34189618644067793,0.23836779911373707
171,reddit_jokes_last_laught,comb,23,0.2601532013296719,0.16617429837518463
172,reddit_jokes_last_laught,comb,453,0.12317502936734351,0.06776218611521417
173,reddit_jokes_last_laught,comb,977,0.35288552507095555,0.275480059084195
174,reddit_jokes_last_laught,comb,693,0.2947666195190948,0.19239290989660265
175,reddit_jokes_last_laught,pun_of_the_day,47,0.12998522895125555,0.08924949290060852
176,reddit_jokes_last_laught,pun_of_the_day,23,0.1353637901861252,0.08113590263691683
177,reddit_jokes_last_laught,pun_of_the_day,453,0.008032128514056224,0.004056795131845842
178,reddit_jokes_last_laught,pun_of_the_day,977,0.1528497409326425,0.11967545638945233
179,reddit_jokes_last_laught,pun_of_the_day,693,0.0636042402826855,0.036511156186612576
180,reddit_jokes_last_laught,the_naughtyformer,47,0.4427613412228797,0.31993614959238353
181,reddit_jokes_last_laught,the_naughtyformer,23,0.4567501073925098,0.333390342625848
182,reddit_jokes_last_laught,the_naughtyformer,453,0.24693877551020407,0.15865686106835414
183,reddit_jokes_last_laught,the_naughtyformer,977,0.5430077793754379,0.4198164300781027
184,reddit_jokes_last_laught,the_naughtyformer,693,0.30637349449230633,0.20375121144746594
185,reddit_jokes_last_laught,unfun_me,47,0.3069767441860465,0.21019108280254778
186,reddit_jokes_last_laught,unfun_me,23,0.0,0.0
187,reddit_jokes_last_laught,unfun_me,453,0.0,0.0
188,reddit_jokes_last_laught,unfun_me,977,0.16494845360824745,0.10191082802547771
189,reddit_jokes_last_laught,unfun_me,693,0.19811320754716982,0.1337579617834395
190,reddit_jokes_last_laught,funlines_and_human_microedit_paper_2023,47,0.2869910625620656,0.21631736526946108
191,reddit_jokes_last_laught,funlines_and_human_microedit_paper_2023,23,0.0022413149047441163,0.001122754491017964
192,reddit_jokes_last_laught,funlines_and_human_microedit_paper_2023,453,0.019572308807538963,0.010104790419161677
193,reddit_jokes_last_laught,funlines_and_human_microedit_paper_2023,977,0.21990926074192688,0.15419161676646706
194,reddit_jokes_last_laught,funlines_and_human_microedit_paper_2023,693,0.2707707707707708,0.20247005988023953
195,reddit_jokes_last_laught,semeval_2017_task_7,47,0.1879588839941263,0.10666666666666667
196,reddit_jokes_last_laught,semeval_2017_task_7,23,0.18373493975903618,0.10166666666666667
197,reddit_jokes_last_laught,semeval_2017_task_7,453,0.022988505747126436,0.011666666666666667
198,reddit_jokes_last_laught,semeval_2017_task_7,977,0.3601532567049808,0.235
199,reddit_jokes_last_laught,semeval_2017_task_7,693,0.09360374414976598,0.05
200,reddit_jokes_last_laught,semeval_2021_task_7,47,0.561467889908257,0.4975609756097561
201,reddit_jokes_last_laught,semeval_2021_task_7,23,0.6306156405990015,0.616260162601626
202,reddit_jokes_last_laught,semeval_2021_task_7,453,0.47457627118644063,0.38699186991869916
203,reddit_jokes_last_laught,semeval_2021_task_7,977,0.6671565025716385,0.7382113821138211
204,reddit_jokes_last_laught,semeval_2021_task_7,693,0.4571966133584196,0.3951219512195122
205,reddit_jokes_last_laught,reddit_jokes_last_laught,47,0.7223113964686999,0.7401315789473685
206,reddit_jokes_last_laught,reddit_jokes_last_laught,23,0.6975308641975309,0.743421052631579
207,reddit_jokes_last_laught,reddit_jokes_last_laught,453,0.6606498194945848,0.6019736842105263
208,reddit_jokes_last_laught,reddit_jokes_last_laught,977,0.7200000000000001,0.7993421052631579
209,reddit_jokes_last_laught,reddit_jokes_last_laught,693,0.6979166666666667,0.6611842105263158
210,reddit_jokes_last_laught,one_liners,47,0.4322192235831431,0.3279773156899811
211,reddit_jokes_last_laught,one_liners,23,0.36417033773861973,0.23440453686200377
212,reddit_jokes_last_laught,one_liners,453,0.2675358539765319,0.16162570888468808
213,reddit_jokes_last_laught,one_liners,977,0.6127781765972721,0.6723377441713926
214,reddit_jokes_last_laught,one_liners,693,0.21751942137690866,0.12791430371770637
215,reddit_jokes_last_laught,short_jokes,47,0.2086140337597457,0.1403973509933775
216,reddit_jokes_last_laught,short_jokes,23,0.26978157840511025,0.17785702156563082
217,reddit_jokes_last_laught,short_jokes,453,0.01998334721065778,0.010188487009679063
218,reddit_jokes_last_laught,short_jokes,977,0.2682871091721201,0.21929020207165903
219,reddit_jokes_last_laught,short_jokes,693,0.16169208822561176,0.100084904058414
220,one_liners,onion_or_not,47,0.5600215807930942,0.5821648906337633
221,one_liners,onion_or_not,23,0.5678180286436394,0.567021873247336
222,one_liners,onion_or_not,453,0.5201636469900643,0.4991587212563096
223,one_liners,onion_or_not,977,0.5802531645569621,0.6427369601794728
224,one_liners,onion_or_not,693,0.5436564001130263,0.5395401009534493
225,one_liners,comb,47,0.6978842229620879,0.5998892171344166
226,one_liners,comb,23,0.6486122036183841,0.5328655834564254
227,one_liners,comb,453,0.5794951549228378,0.44719350073855246
228,one_liners,comb,977,0.6847428448461372,0.5875184638109305
229,one_liners,comb,693,0.6247450713800137,0.5090472673559823
230,one_liners,pun_of_the_day,47,0.38375350140056025,0.2778904665314402
231,one_liners,pun_of_the_day,23,0.29160063391442154,0.18661257606490872
232,one_liners,pun_of_the_day,453,0.2792207792207792,0.1744421906693712
233,one_liners,pun_of_the_day,977,0.3407407407407408,0.2332657200811359
234,one_liners,pun_of_the_day,693,0.30077519379844964,0.19675456389452334
235,one_liners,the_naughtyformer,47,0.9331341911764705,0.9260589476084602
236,one_liners,the_naughtyformer,23,0.9132449937607701,0.8761758166581153
237,one_liners,the_naughtyformer,453,0.8756075289404696,0.8473291146456873
238,one_liners,the_naughtyformer,977,0.9236411944781379,0.9116355966022461
239,one_liners,the_naughtyformer,693,0.8913336064134824,0.8683655435836042
240,one_liners,unfun_me,47,0.3838383838383838,0.24203821656050956
241,one_liners,unfun_me,23,0.39999999999999997,0.25477707006369427
242,one_liners,unfun_me,453,0.20994475138121546,0.12101910828025478
243,one_liners,unfun_me,977,0.4884792626728111,0.3375796178343949
244,one_liners,unfun_me,693,0.26881720430107525,0.1592356687898089
245,one_liners,funlines_and_human_microedit_paper_2023,47,0.30484330484330485,0.2002245508982036
246,one_liners,funlines_and_human_microedit_paper_2023,23,0.2698412698412698,0.1717814371257485
247,one_liners,funlines_and_human_microedit_paper_2023,453,0.22620857403466096,0.13922155688622753
248,one_liners,funlines_and_human_microedit_paper_2023,977,0.41379310344827586,0.312125748502994
249,one_liners,funlines_and_human_microedit_paper_2023,693,0.2844010341855788,0.18525449101796407
250,one_liners,semeval_2017_task_7,47,0.6746746746746747,0.5616666666666666
251,one_liners,semeval_2017_task_7,23,0.6378600823045268,0.5166666666666667
252,one_liners,semeval_2017_task_7,453,0.6365503080082136,0.5166666666666667
253,one_liners,semeval_2017_task_7,977,0.771806167400881,0.73
254,one_liners,semeval_2017_task_7,693,0.7155090390104661,0.6266666666666667
255,one_liners,semeval_2021_task_7,47,0.7791530944625407,0.9723577235772358
256,one_liners,semeval_2021_task_7,23,0.7687296416938111,0.959349593495935
257,one_liners,semeval_2021_task_7,453,0.7701453104359315,0.9479674796747968
258,one_liners,semeval_2021_task_7,977,0.7700192184497117,0.9772357723577236
259,one_liners,semeval_2021_task_7,693,0.7632600258732212,0.959349593495935
260,one_liners,reddit_jokes_last_laught,47,0.6778523489932885,0.9967105263157895
261,one_liners,reddit_jokes_last_laught,23,0.6794150731158605,0.993421052631579
262,one_liners,reddit_jokes_last_laught,453,0.6840909090909091,0.9901315789473685
263,one_liners,reddit_jokes_last_laught,977,0.6755555555555556,1.0
264,one_liners,reddit_jokes_last_laught,693,0.6756152125279643,0.993421052631579
265,one_liners,one_liners,47,0.9207055458445892,0.9127284183994959
266,one_liners,one_liners,23,0.92643391521197,0.9363579080025205
267,one_liners,one_liners,453,0.919811320754717,0.9215500945179584
268,one_liners,one_liners,977,0.9252450980392156,0.9514807813484563
269,one_liners,one_liners,693,0.9234545175640436,0.9483301827347196
270,one_liners,short_jokes,47,0.7196549599507085,0.6148412294107658
271,one_liners,short_jokes,23,0.6330398447992837,0.5042282221090169
272,one_liners,short_jokes,453,0.5185150265173836,0.37354389539820004
273,one_liners,short_jokes,977,0.6599725965766171,0.5480047546272712
274,one_liners,short_jokes,693,0.6021310164472973,0.47308541348276445
275,pun_of_the_day,onion_or_not,47,0.011591148577449948,0.0061693774537296695
276,pun_of_the_day,onion_or_not,23,0.05096153846153846,0.029725182277061134
277,pun_of_the_day,onion_or_not,453,0.011071967790639155,0.0061693774537296695
278,pun_of_the_day,onion_or_not,977,0.005567928730512249,0.0028042624789680315
279,pun_of_the_day,onion_or_not,693,0.006644518272425248,0.0033651149747616375
280,pun_of_the_day,comb,47,0.5069706103993972,0.49686115214180204
281,pun_of_the_day,comb,23,0.5303321438374965,0.5350812407680945
282,pun_of_the_day,comb,453,0.508706234787493,0.5016617429837519
283,pun_of_the_day,comb,977,0.5226493747105142,0.520864106351551
284,pun_of_the_day,comb,693,0.5270480549199085,0.531573116691285
285,pun_of_the_day,pun_of_the_day,47,0.983739837398374,0.9817444219066938
286,pun_of_the_day,pun_of_the_day,23,0.9789368104312939,0.9898580121703854
287,pun_of_the_day,pun_of_the_day,453,0.9795918367346939,0.973630831643002
288,pun_of_the_day,pun_of_the_day,977,0.9758551307847084,0.9837728194726166
289,pun_of_the_day,pun_of_the_day,693,0.9780439121756488,0.9939148073022313
290,pun_of_the_day,the_naughtyformer,47,0.0776986301369863,0.040419588392908046
291,pun_of_the_day,the_naughtyformer,23,0.12342069541610108,0.06738498375235163
292,pun_of_the_day,the_naughtyformer,453,0.11082390953150244,0.05866256199760561
293,pun_of_the_day,the_naughtyformer,977,0.0706154099983501,0.03659996579442449
294,pun_of_the_day,the_naughtyformer,693,0.08807019456101149,0.046063508351861356
295,pun_of_the_day,unfun_me,47,0.011049723756906079,0.006369426751592357
296,pun_of_the_day,unfun_me,23,0.1081081081081081,0.07643312101910828
297,pun_of_the_day,unfun_me,453,0.01129943502824859,0.006369426751592357
298,pun_of_the_day,unfun_me,977,0.0,0.0
299,pun_of_the_day,unfun_me,693,0.0,0.0
300,pun_of_the_day,funlines_and_human_microedit_paper_2023,47,0.12482662968099863,0.06736526946107785
301,pun_of_the_day,funlines_and_human_microedit_paper_2023,23,0.24827152734129482,0.14782934131736528
302,pun_of_the_day,funlines_and_human_microedit_paper_2023,453,0.16994335221592802,0.09543413173652694
303,pun_of_the_day,funlines_and_human_microedit_paper_2023,977,0.023590121636564692,0.011976047904191617
304,pun_of_the_day,funlines_and_human_microedit_paper_2023,693,0.04793028322440087,0.02470059880239521
305,pun_of_the_day,semeval_2017_task_7,47,0.17797888386123678,0.09833333333333333
306,pun_of_the_day,semeval_2017_task_7,23,0.09478672985781991,0.05
307,pun_of_the_day,semeval_2017_task_7,453,0.09177215189873417,0.04833333333333333
308,pun_of_the_day,semeval_2017_task_7,977,0.003311258278145696,0.0016666666666666668
309,pun_of_the_day,semeval_2017_task_7,693,0.022950819672131147,0.011666666666666667
310,pun_of_the_day,semeval_2021_task_7,47,0.20087336244541484,0.11219512195121951
311,pun_of_the_day,semeval_2021_task_7,23,0.2659279778393352,0.15609756097560976
312,pun_of_the_day,semeval_2021_task_7,453,0.24507042253521125,0.14146341463414633
313,pun_of_the_day,semeval_2021_task_7,977,0.22063037249283668,0.12520325203252033
314,pun_of_the_day,semeval_2021_task_7,693,0.23328591749644378,0.13333333333333333
315,pun_of_the_day,reddit_jokes_last_laught,47,0.03692307692307692,0.019736842105263157
316,pun_of_the_day,reddit_jokes_last_laught,23,0.09497206703910616,0.05592105263157895
317,pun_of_the_day,reddit_jokes_last_laught,453,0.03144654088050314,0.01644736842105263
318,pun_of_the_day,reddit_jokes_last_laught,977,0.01923076923076923,0.009868421052631578
319,pun_of_the_day,reddit_jokes_last_laught,693,0.042944785276073615,0.023026315789473683
320,pun_of_the_day,one_liners,47,0.008518405841192577,0.004410838059231254
321,pun_of_the_day,one_liners,23,0.01670378619153675,0.00945179584120983
322,pun_of_the_day,one_liners,453,0.004319654427645789,0.002205419029615627
323,pun_of_the_day,one_liners,977,0.001876172607879925,0.000945179584120983
324,pun_of_the_day,one_liners,693,0.006461086637298091,0.003465658475110271
325,pun_of_the_day,short_jokes,47,0.6233256106596419,0.9000169808116828
326,pun_of_the_day,short_jokes,23,0.6399642848966323,0.9493292579385295
327,pun_of_the_day,short_jokes,453,0.6235012547634539,0.9112922397690609
328,pun_of_the_day,short_jokes,977,0.6408020325482386,0.9507896077432502
329,pun_of_the_day,short_jokes,693,0.6436233074836516,0.9710307352691459
330,unfun_me,onion_or_not,47,0.5436982520699172,0.9943914750420639
331,unfun_me,onion_or_not,23,0.5427656654977894,0.9983174425126192
332,unfun_me,onion_or_not,453,0.5422642660970399,0.9966348850252383
333,unfun_me,onion_or_not,977,0.542424705702492,0.9949523275378576
334,unfun_me,onion_or_not,693,0.5432552442198745,0.9949523275378576
335,unfun_me,comb,47,0.7214453226787112,0.7668020679468243
336,unfun_me,comb,23,0.7590531210370578,0.994645494830133
337,unfun_me,comb,453,0.7637065064173901,0.9503323485967504
338,unfun_me,comb,977,0.7343217450579413,0.795605612998523
339,unfun_me,comb,693,0.7327251224869065,0.8007754800590842
340,unfun_me,pun_of_the_day,47,0.5318471337579617,0.6774847870182555
341,unfun_me,pun_of_the_day,23,0.6833333333333333,0.9979716024340771
342,unfun_me,pun_of_the_day,453,0.6619217081850534,0.9432048681541582
343,unfun_me,pun_of_the_day,977,0.5292259083728278,0.6795131845841785
344,unfun_me,pun_of_the_day,693,0.5433070866141732,0.6997971602434077
345,unfun_me,the_naughtyformer,47,0.9109619438588705,0.9361495923835585
346,unfun_me,the_naughtyformer,23,0.9337866278128543,0.9864887976740209
347,unfun_me,the_naughtyformer,453,0.9307825522242668,0.9805028219599795
348,unfun_me,the_naughtyformer,977,0.9229948925183814,0.9375178154039109
349,unfun_me,the_naughtyformer,693,0.9130913697196674,0.9451570606008779
350,unfun_me,unfun_me,47,0.9235294117647059,1.0
351,unfun_me,unfun_me,23,0.9235294117647059,1.0
352,unfun_me,unfun_me,453,0.9262536873156343,1.0
353,unfun_me,unfun_me,977,0.9235294117647059,1.0
354,unfun_me,unfun_me,693,0.9262536873156343,1.0
355,unfun_me,funlines_and_human_microedit_paper_2023,47,0.7127132636213538,0.969311377245509
356,unfun_me,funlines_and_human_microedit_paper_2023,23,0.7229144095341278,0.998877245508982
357,unfun_me,funlines_and_human_microedit_paper_2023,453,0.7207060420909707,0.9932634730538922
358,unfun_me,funlines_and_human_microedit_paper_2023,977,0.7172696245733788,0.9831586826347305
359,unfun_me,funlines_and_human_microedit_paper_2023,693,0.7134631203729092,0.9738023952095808
360,unfun_me,semeval_2017_task_7,47,0.7774294670846396,0.8266666666666667
361,unfun_me,semeval_2017_task_7,23,0.8086373790022338,0.905
362,unfun_me,semeval_2017_task_7,453,0.8084784254352763,0.89
363,unfun_me,semeval_2017_task_7,977,0.7897990726429676,0.8516666666666667
364,unfun_me,semeval_2017_task_7,693,0.7884012539184952,0.8383333333333334
365,unfun_me,semeval_2021_task_7,47,0.7267973856209151,0.9040650406504065
366,unfun_me,semeval_2021_task_7,23,0.7630922693266832,0.9951219512195122
367,unfun_me,semeval_2021_task_7,453,0.7632729544034978,0.9934959349593496
368,unfun_me,semeval_2021_task_7,977,0.7390180878552972,0.9300813008130081
369,unfun_me,semeval_2021_task_7,693,0.7365038560411311,0.9317073170731708
370,unfun_me,reddit_jokes_last_laught,47,0.6575342465753424,0.9473684210526315
371,unfun_me,reddit_jokes_last_laught,23,0.6637265711135613,0.9901315789473685
372,unfun_me,reddit_jokes_last_laught,453,0.6674057649667406,0.9901315789473685
373,unfun_me,reddit_jokes_last_laught,977,0.6492027334851935,0.9375
374,unfun_me,reddit_jokes_last_laught,693,0.6598870056497175,0.9605263157894737
375,unfun_me,one_liners,47,0.6769540422676954,0.9536862003780718
376,unfun_me,one_liners,23,0.6716466385189996,0.9773156899810964
377,unfun_me,one_liners,453,0.6787490330423251,0.9675488342785129
378,unfun_me,one_liners,977,0.6731707317073171,0.9565217391304348
379,unfun_me,one_liners,693,0.6795029665286018,0.9562066792690611
380,unfun_me,short_jokes,47,0.5480959570541856,0.5547970793003906
381,unfun_me,short_jokes,23,0.6574849221352057,0.9922227882492783
382,unfun_me,short_jokes,453,0.6587329020789098,0.9060961113941246
383,unfun_me,short_jokes,977,0.5798850852204143,0.6118186449312277
384,unfun_me,short_jokes,693,0.5821720440266428,0.6278145695364239
385,semeval_2021_task_7,onion_or_not,47,0.512720156555773,0.7347167694896243
386,semeval_2021_task_7,onion_or_not,23,0.41822255414488424,0.4711160964666293
387,semeval_2021_task_7,onion_or_not,453,0.36793128131710806,0.43241727425687043
388,semeval_2021_task_7,onion_or_not,977,0.4801113762927605,0.6769489624228828
389,semeval_2021_task_7,onion_or_not,693,0.38161838161838163,0.4284913067863152
390,semeval_2021_task_7,comb,47,0.8391802067946823,0.8391802067946824
391,semeval_2021_task_7,comb,23,0.7908503232222776,0.7341211225997046
392,semeval_2021_task_7,comb,453,0.758322798145807,0.6645125553914328
393,semeval_2021_task_7,comb,977,0.8162422573984858,0.7664327917282127
394,semeval_2021_task_7,comb,693,0.7633305988515178,0.6872230428360414
395,semeval_2021_task_7,pun_of_the_day,47,0.7343453510436433,0.7849898580121704
396,semeval_2021_task_7,pun_of_the_day,23,0.7174541947926713,0.7545638945233266
397,semeval_2021_task_7,pun_of_the_day,453,0.6938325991189427,0.6389452332657201
398,semeval_2021_task_7,pun_of_the_day,977,0.6743383199079402,0.5943204868154158
399,semeval_2021_task_7,pun_of_the_day,693,0.7076923076923075,0.6997971602434077
400,semeval_2021_task_7,the_naughtyformer,47,0.9592121266055591,0.9217262413773445
401,semeval_2021_task_7,the_naughtyformer,23,0.9554576311558387,0.9147140983980389
402,semeval_2021_task_7,the_naughtyformer,453,0.9341029925565852,0.876403853828174
403,semeval_2021_task_7,the_naughtyformer,977,0.9536818873214233,0.9114645687247022
404,semeval_2021_task_7,the_naughtyformer,693,0.9426125745976249,0.8914543070520495
405,semeval_2021_task_7,unfun_me,47,0.45,0.5159235668789809
406,semeval_2021_task_7,unfun_me,23,0.3984962406015038,0.3375796178343949
407,semeval_2021_task_7,unfun_me,453,0.3660714285714286,0.2611464968152866
408,semeval_2021_task_7,unfun_me,977,0.5033557046979865,0.47770700636942676
409,semeval_2021_task_7,unfun_me,693,0.34334763948497854,0.25477707006369427
410,semeval_2021_task_7,funlines_and_human_microedit_paper_2023,47,0.5737172548170599,0.4958832335329341
411,semeval_2021_task_7,funlines_and_human_microedit_paper_2023,23,0.328332371609925,0.2129491017964072
412,semeval_2021_task_7,funlines_and_human_microedit_paper_2023,453,0.30733410942956924,0.19760479041916168
413,semeval_2021_task_7,funlines_and_human_microedit_paper_2023,977,0.6203514507560278,0.5681137724550899
414,semeval_2021_task_7,funlines_and_human_microedit_paper_2023,693,0.36024844720496896,0.23877245508982037
415,semeval_2021_task_7,semeval_2017_task_7,47,0.7204724409448818,0.61
416,semeval_2021_task_7,semeval_2017_task_7,23,0.6983184965380811,0.5883333333333334
417,semeval_2021_task_7,semeval_2017_task_7,453,0.6387096774193548,0.495
418,semeval_2021_task_7,semeval_2017_task_7,977,0.6783867631851085,0.5466666666666666
419,semeval_2021_task_7,semeval_2017_task_7,693,0.7669172932330827,0.68
420,semeval_2021_task_7,semeval_2021_task_7,47,0.9423076923076924,0.9560975609756097
421,semeval_2021_task_7,semeval_2021_task_7,23,0.9504,0.9658536585365853
422,semeval_2021_task_7,semeval_2021_task_7,453,0.9326683291770573,0.9121951219512195
423,semeval_2021_task_7,semeval_2021_task_7,977,0.9169381107491857,0.9154471544715447
424,semeval_2021_task_7,semeval_2021_task_7,693,0.9490968801313628,0.9398373983739837
425,semeval_2021_task_7,reddit_jokes_last_laught,47,0.6566125290023201,0.930921052631579
426,semeval_2021_task_7,reddit_jokes_last_laught,23,0.6528258362168397,0.930921052631579
427,semeval_2021_task_7,reddit_jokes_last_laught,453,0.6578313253012049,0.8980263157894737
428,semeval_2021_task_7,reddit_jokes_last_laught,977,0.647196261682243,0.9111842105263158
429,semeval_2021_task_7,reddit_jokes_last_laught,693,0.6571767497034402,0.9111842105263158
430,semeval_2021_task_7,one_liners,47,0.6172085503862044,0.5412728418399496
431,semeval_2021_task_7,one_liners,23,0.6664415935178933,0.6219281663516069
432,semeval_2021_task_7,one_liners,453,0.608793686583991,0.5103969754253308
433,semeval_2021_task_7,one_liners,977,0.5617123424684938,0.44234404536862004
434,semeval_2021_task_7,one_liners,693,0.6309848898598216,0.5459987397605545
435,semeval_2021_task_7,short_jokes,47,0.8570296527568664,0.9182543725590083
436,semeval_2021_task_7,short_jokes,23,0.8671284842487218,0.8927491934114451
437,semeval_2021_task_7,short_jokes,453,0.8298868718758222,0.8034640855832909
438,semeval_2021_task_7,short_jokes,977,0.8416941620092924,0.8490405841399219
439,semeval_2021_task_7,short_jokes,693,0.8392456900183691,0.8456444218033622
440,semeval_2017_task_7,onion_or_not,47,0.506641366223909,0.8984856982613573
441,semeval_2017_task_7,onion_or_not,23,0.5152136213148352,0.9164329781267526
442,semeval_2017_task_7,onion_or_not,453,0.5291660219712208,0.9590577678070668
443,semeval_2017_task_7,onion_or_not,977,0.48135021097046415,0.7997756590016826
444,semeval_2017_task_7,onion_or_not,693,0.5117600631412786,0.9091418956814358
445,semeval_2017_task_7,comb,47,0.6897770945426595,0.8284711964549483
446,semeval_2017_task_7,comb,23,0.6587314267454865,0.7612629246676514
447,semeval_2017_task_7,comb,453,0.7012356910014403,0.8539512555391433
448,semeval_2017_task_7,comb,977,0.6466366215990653,0.715288035450517
449,semeval_2017_task_7,comb,693,0.686534730306558,0.8166543574593796
450,semeval_2017_task_7,pun_of_the_day,47,0.7259498787388843,0.9107505070993914
451,semeval_2017_task_7,pun_of_the_day,23,0.7391304347826086,0.8620689655172413
452,semeval_2017_task_7,pun_of_the_day,453,0.7254740313272877,0.8924949290060852
453,semeval_2017_task_7,pun_of_the_day,977,0.7543698252069917,0.8316430020283976
454,semeval_2017_task_7,pun_of_the_day,693,0.748936170212766,0.8924949290060852
455,semeval_2017_task_7,the_naughtyformer,47,0.8504188969048173,0.833304828687076
456,semeval_2017_task_7,the_naughtyformer,23,0.798333637414097,0.7483609828402029
457,semeval_2017_task_7,the_naughtyformer,453,0.8787947568518413,0.8829029131748475
458,semeval_2017_task_7,the_naughtyformer,977,0.7932329679054569,0.7404366911806625
459,semeval_2017_task_7,the_naughtyformer,693,0.8537533356537882,0.8390057579385439
460,semeval_2017_task_7,unfun_me,47,0.615702479338843,0.9490445859872612
461,semeval_2017_task_7,unfun_me,23,0.612,0.9745222929936306
462,semeval_2017_task_7,unfun_me,453,0.6262626262626263,0.9872611464968153
463,semeval_2017_task_7,unfun_me,977,0.5587583148558758,0.802547770700637
464,semeval_2017_task_7,unfun_me,693,0.6109979633401222,0.9554140127388535
465,semeval_2017_task_7,funlines_and_human_microedit_paper_2023,47,0.7033553278113155,0.9375
466,semeval_2017_task_7,funlines_and_human_microedit_paper_2023,23,0.6993795826283135,0.9281437125748503
467,semeval_2017_task_7,funlines_and_human_microedit_paper_2023,453,0.7097310784585529,0.9580838323353293
468,semeval_2017_task_7,funlines_and_human_microedit_paper_2023,977,0.6681936173461598,0.8188622754491018
469,semeval_2017_task_7,funlines_and_human_microedit_paper_2023,693,0.7072520690138869,0.9434880239520959
470,semeval_2017_task_7,semeval_2017_task_7,47,0.9221556886227544,0.8983333333333333
471,semeval_2017_task_7,semeval_2017_task_7,23,0.9187772925764193,0.8766666666666667
472,semeval_2017_task_7,semeval_2017_task_7,453,0.9100529100529101,0.86
473,semeval_2017_task_7,semeval_2017_task_7,977,0.912280701754386,0.8666666666666667
474,semeval_2017_task_7,semeval_2017_task_7,693,0.9180327868852459,0.8866666666666667
475,semeval_2017_task_7,semeval_2021_task_7,47,0.7624914442162902,0.9056910569105691
476,semeval_2017_task_7,semeval_2021_task_7,23,0.7378091872791519,0.848780487804878
477,semeval_2017_task_7,semeval_2021_task_7,453,0.7662936142198815,0.9463414634146341
478,semeval_2017_task_7,semeval_2021_task_7,977,0.7563268257411425,0.8504065040650407
479,semeval_2017_task_7,semeval_2021_task_7,693,0.7668670674682698,0.9333333333333333
480,semeval_2017_task_7,reddit_jokes_last_laught,47,0.6745843230403801,0.9342105263157895
481,semeval_2017_task_7,reddit_jokes_last_laught,23,0.6739393939393941,0.9144736842105263
482,semeval_2017_task_7,reddit_jokes_last_laught,453,0.677345537757437,0.9736842105263158
483,semeval_2017_task_7,reddit_jokes_last_laught,977,0.6593137254901962,0.8848684210526315
484,semeval_2017_task_7,reddit_jokes_last_laught,693,0.6759259259259259,0.9605263157894737
485,semeval_2017_task_7,one_liners,47,0.53247311827957,0.5850661625708885
486,semeval_2017_task_7,one_liners,23,0.5136707388016288,0.5563957151858853
487,semeval_2017_task_7,one_liners,453,0.6051441127051828,0.7375551354757404
488,semeval_2017_task_7,one_liners,977,0.4995563442768412,0.5321361058601134
489,semeval_2017_task_7,one_liners,693,0.596401028277635,0.7309388783868935
490,semeval_2017_task_7,short_jokes,47,0.5472225753146054,0.7310239429444727
491,semeval_2017_task_7,short_jokes,23,0.47329029463911115,0.5938189845474614
492,semeval_2017_task_7,short_jokes,453,0.5488933499993688,0.7382238070979793
493,semeval_2017_task_7,short_jokes,977,0.4803969666811511,0.5819663779928681
494,semeval_2017_task_7,short_jokes,693,0.5290322580645161,0.6948208524367465
495,comb,onion_or_not,47,0.6444852941176471,0.9831744251261918
496,comb,onion_or_not,23,0.6062068965517241,0.9859786876051598
497,comb,onion_or_not,453,0.6135097493036211,0.9882220975883342
498,comb,onion_or_not,977,0.5898123324396782,0.9871003925967471
499,comb,onion_or_not,693,0.6588811452250896,0.9809310151430174
500,comb,comb,47,0.907204116638079,0.9765509601181684
501,comb,comb,23,0.8973795435333897,0.9800590841949779
502,comb,comb,453,0.9204940848990955,0.9769202363367799
503,comb,comb,977,0.9162443089081694,0.9846750369276218
504,comb,comb,693,0.9236842105263157,0.9721196454948301
505,comb,pun_of_the_day,47,0.974974974974975,0.9878296146044625
506,comb,pun_of_the_day,23,0.9682539682539683,0.9898580121703854
507,comb,pun_of_the_day,453,0.9666329625884732,0.9695740365111561
508,comb,pun_of_the_day,977,0.9673590504451037,0.9918864097363083
509,comb,pun_of_the_day,693,0.969939879759519,0.9817444219066938
510,comb,the_naughtyformer,47,0.9532448157541399,0.9106664386294966
511,comb,the_naughtyformer,23,0.9556442010002381,0.9150561541531269
512,comb,the_naughtyformer,453,0.9619481595455084,0.9266860498261217
513,comb,the_naughtyformer,977,0.96747799982341,0.9370047317712787
514,comb,the_naughtyformer,693,0.9418471376002895,0.8900860840316972
515,comb,unfun_me,47,0.9751552795031055,1.0
516,comb,unfun_me,23,0.9691358024691358,1.0
517,comb,unfun_me,453,0.9602446483180428,1.0
518,comb,unfun_me,977,0.9544072948328268,1.0
519,comb,unfun_me,693,0.98125,1.0
520,comb,funlines_and_human_microedit_paper_2023,47,0.5680713128038898,0.5247005988023952
521,comb,funlines_and_human_microedit_paper_2023,23,0.5541269182911654,0.5
522,comb,funlines_and_human_microedit_paper_2023,453,0.5877227722772277,0.5553892215568862
523,comb,funlines_and_human_microedit_paper_2023,977,0.6529890343119915,0.6908682634730539
524,comb,funlines_and_human_microedit_paper_2023,693,0.5041563693552011,0.4199101796407186
525,comb,semeval_2017_task_7,47,0.5435540069686411,0.39
526,comb,semeval_2017_task_7,23,0.4538653366583541,0.30333333333333334
527,comb,semeval_2017_task_7,453,0.6301969365426695,0.48
528,comb,semeval_2017_task_7,977,0.5481651376146789,0.3983333333333333
529,comb,semeval_2017_task_7,693,0.402088772845953,0.25666666666666665
530,comb,semeval_2021_task_7,47,0.9307568438003221,0.9398373983739837
531,comb,semeval_2021_task_7,23,0.9345047923322685,0.9512195121951219
532,comb,semeval_2021_task_7,453,0.9254901960784314,0.959349593495935
533,comb,semeval_2021_task_7,977,0.9384858044164038,0.967479674796748
534,comb,semeval_2021_task_7,693,0.9397394136807818,0.9382113821138212
535,comb,reddit_jokes_last_laught,47,0.650462962962963,0.9243421052631579
536,comb,reddit_jokes_last_laught,23,0.6538461538461539,0.9506578947368421
537,comb,reddit_jokes_last_laught,453,0.6583710407239818,0.9572368421052632
538,comb,reddit_jokes_last_laught,977,0.6629086809470123,0.9671052631578947
539,comb,reddit_jokes_last_laught,693,0.6303317535545024,0.875
540,comb,one_liners,47,0.623265306122449,0.4810964083175803
541,comb,one_liners,23,0.6411444690711264,0.5012602394454947
542,comb,one_liners,453,0.6699123661148978,0.5419029615626969
543,comb,one_liners,977,0.671409848343007,0.5649023314429742
544,comb,one_liners,693,0.5802442682665524,0.426591052299937
545,comb,short_jokes,47,0.835329384675539,0.9794871794871794
546,comb,short_jokes,23,0.8152433088307914,0.9811852606554593
547,comb,short_jokes,453,0.861366228465094,0.9746646289692648
548,comb,short_jokes,977,0.8510856356422307,0.9870945831210732
549,comb,short_jokes,693,0.8631950307562416,0.9722193920869417
